stanica_1,stanica_2,razdaljina_km
Adelaide,Albany,1894.49
Adelaide,Albury,764.68
Adelaide,AliceSprings,1318.94
Adelaide,BadgerysCreek,1115.76
Adelaide,Ballarat,545.87
Adelaide,Bendigo,552.64
Adelaide,Brisbane,1598.92
Adelaide,Cairns,2127.84
Adelaide,Canberra,962.42
Adelaide,Cobar,771.57
Adelaide,CoffsHarbour,1449.6
Adelaide,Dartmoor,2344.44
Adelaide,Darwin,2620.05
Adelaide,GoldCoast,1602.56
Adelaide,Hobart,1161.69
Adelaide,Katherine,2361.25
Adelaide,Launceston,1049.43
Adelaide,Melbourne,652.57
Adelaide,MelbourneAirport,634.62
Adelaide,Mildura,326.24
Adelaide,Moree,1845.51
Adelaide,MountGambier,377.22
Adelaide,MountGinini,924.08
Adelaide,Newcastle,1235.11
Adelaide,Nhil,314.14
Adelaide,NorahHead,1205.79
Adelaide,NorfolkIsland,2830.69
Adelaide,Nuriootpa,60.13
Adelaide,PearceRAAF,2126.99
Adelaide,Penrith,1114.57
Adelaide,Perth,2123.1
Adelaide,PerthAirport,2198.6
Adelaide,Portland,469.39
Adelaide,Richmond,1638.95
Adelaide,Sale,831.63
Adelaide,SalmonGums,1578.89
Adelaide,Sydney,1159.86
Adelaide,SydneyAirport,1155.44
Adelaide,Townsville,1918.27
Adelaide,Tuggeranong,953.03
Adelaide,Uluru,1468.67
Adelaide,WaggaWagga,804.6
Adelaide,Walpole,1991.0
Adelaide,Watsonia,656.06
Adelaide,Williamtown,1242.07
Adelaide,Witchcliffe,2153.1
Adelaide,Wollongong,1121.89
Adelaide,Woomera,451.59
Albany,Albury,2631.88
Albany,AliceSprings,1986.81
Albany,BadgerysCreek,3008.79
Albany,Ballarat,2341.12
Albany,Bendigo,2391.68
Albany,Brisbane,3433.18
Albany,Cairns,3421.43
Albany,Canberra,2843.44
Albany,Cobar,2626.83
Albany,CoffsHarbour,3329.77
Albany,Dartmoor,812.34
Albany,Darwin,2829.92
Albany,GoldCoast,3449.14
Albany,Hobart,2686.6
Albany,Katherine,2697.07
Albany,Launceston,2656.03
Albany,Melbourne,2444.39
Albany,MelbourneAirport,2432.6
Albany,Mildura,2218.96
Albany,Moree,392.5
Albany,MountGambier,2076.72
Albany,MountGinini,2801.9
Albany,Newcastle,3129.56
Albany,Nhil,2155.24
Albany,NorahHead,3100.15
Albany,NorfolkIsland,4725.02
Albany,Nuriootpa,1934.09
Albany,PearceRAAF,400.03
Albany,Penrith,3008.31
Albany,Perth,375.5
Albany,PerthAirport,515.52
Albany,Portland,2153.57
Albany,Richmond,2936.81
Albany,Sale,2626.11
Albany,SalmonGums,415.94
Albany,Sydney,3052.71
Albany,SydneyAirport,3047.89
Albany,Townsville,3337.1
Albany,Tuggeranong,2832.44
Albany,Uluru,2071.91
Albany,WaggaWagga,2689.52
Albany,Walpole,97.53
Albany,Watsonia,2454.56
Albany,Williamtown,3136.42
Albany,Witchcliffe,267.31
Albany,Wollongong,3011.56
Albany,Woomera,1817.44
Albury,AliceSprings,1852.8
Albury,BadgerysCreek,420.04
Albury,Ballarat,324.23
Albury,Bendigo,246.66
Albury,Brisbane,1113.97
Albury,Cairns,2137.46
Albury,Canberra,219.38
Albury,Cobar,519.99
Albury,CoffsHarbour,859.1
Albury,Dartmoor,3109.08
Albury,Darwin,3081.99
Albury,GoldCoast,1089.98
Albury,Hobart,759.41
Albury,Katherine,2811.07
Albury,Launceston,609.0
Albury,Melbourne,261.8
Albury,MelbourneAirport,259.19
Albury,Mildura,486.92
Albury,Moree,2607.27
Albury,MountGambier,582.26
Albury,MountGinini,174.59
Albury,Newcastle,565.3
Albury,Nhil,476.74
Albury,NorahHead,523.97
Albury,NorfolkIsland,2111.08
Albury,Nuriootpa,743.76
Albury,PearceRAAF,2885.25
Albury,Penrith,428.35
Albury,Perth,2880.12
Albury,PerthAirport,2959.97
Albury,Portland,536.74
Albury,Richmond,1745.24
Albury,Sale,226.3
Albury,SalmonGums,2337.21
Albury,Sydney,458.49
Albury,SydneyAirport,450.81
Albury,Townsville,1870.17
Albury,Tuggeranong,206.19
Albury,Uluru,1985.74
Albury,WaggaWagga,110.79
Albury,Walpole,2726.68
Albury,Watsonia,246.27
Albury,Williamtown,576.29
Albury,Witchcliffe,2895.24
Albury,Wollongong,401.68
Albury,Woomera,1085.93
AliceSprings,BadgerysCreek,1983.37
AliceSprings,Ballarat,1792.88
AliceSprings,Bendigo,1751.52
AliceSprings,Brisbane,1960.79
AliceSprings,Cairns,1455.12
AliceSprings,Canberra,1953.05
AliceSprings,Cobar,1452.43
AliceSprings,CoffsHarbour,2034.0
AliceSprings,Dartmoor,1923.35
AliceSprings,Darwin,1303.31
AliceSprings,GoldCoast,2006.08
AliceSprings,Hobart,2455.8
AliceSprings,Katherine,1050.56
AliceSprings,Launceston,2327.33
AliceSprings,Melbourne,1880.24
AliceSprings,MelbourneAirport,1860.37
AliceSprings,Mildura,1406.98
AliceSprings,Moree,1688.69
AliceSprings,MountGambier,1692.78
AliceSprings,MountGinini,1937.35
AliceSprings,Newcastle,2020.51
AliceSprings,Nhil,1577.79
AliceSprings,NorahHead,2019.81
AliceSprings,NorfolkIsland,3428.72
AliceSprings,Nuriootpa,1286.28
AliceSprings,PearceRAAF,1960.93
AliceSprings,Penrith,1969.55
AliceSprings,Perth,1975.69
AliceSprings,PerthAirport,1962.5
AliceSprings,Portland,1780.1
AliceSprings,Richmond,1011.14
AliceSprings,Sale,2021.5
AliceSprings,SalmonGums,1571.99
AliceSprings,Sydney,2019.66
AliceSprings,SydneyAirport,2021.76
AliceSprings,Townsville,1423.92
AliceSprings,Tuggeranong,1952.8
AliceSprings,Uluru,151.56
AliceSprings,WaggaWagga,1818.95
AliceSprings,Walpole,2070.4
AliceSprings,Watsonia,1876.81
AliceSprings,Williamtown,2018.92
AliceSprings,Witchcliffe,2147.98
AliceSprings,Wollongong,2024.01
AliceSprings,Woomera,867.45
BadgerysCreek,Ballarat,743.97
BadgerysCreek,Bendigo,661.04
BadgerysCreek,Brisbane,746.8
BadgerysCreek,Cairns,1957.16
BadgerysCreek,Canberra,210.58
BadgerysCreek,Cobar,531.07
BadgerysCreek,CoffsHarbour,457.91
BadgerysCreek,Dartmoor,3433.31
BadgerysCreek,Darwin,3119.57
BadgerysCreek,GoldCoast,710.71
BadgerysCreek,Hobart,1042.69
BadgerysCreek,Katherine,2848.58
BadgerysCreek,Launceston,904.4
BadgerysCreek,Melbourne,676.8
BadgerysCreek,MelbourneAirport,676.79
BadgerysCreek,Mildura,796.63
BadgerysCreek,Moree,2953.57
BadgerysCreek,MountGambier,996.58
BadgerysCreek,MountGinini,254.77
BadgerysCreek,Newcastle,147.34
BadgerysCreek,Nhil,868.02
BadgerysCreek,NorahHead,104.22
BadgerysCreek,NorfolkIsland,1716.95
BadgerysCreek,Nuriootpa,1080.75
BadgerysCreek,PearceRAAF,3238.95
BadgerysCreek,Penrith,20.26
BadgerysCreek,Perth,3236.03
BadgerysCreek,PerthAirport,3306.56
BadgerysCreek,Portland,956.29
BadgerysCreek,Richmond,1643.46
BadgerysCreek,Sale,572.51
BadgerysCreek,SalmonGums,2691.68
BadgerysCreek,Sydney,44.21
BadgerysCreek,SydneyAirport,41.43
BadgerysCreek,Townsville,1675.38
BadgerysCreek,Tuggeranong,225.76
BadgerysCreek,Uluru,2098.53
BadgerysCreek,WaggaWagga,330.79
BadgerysCreek,Walpole,3104.9
BadgerysCreek,Watsonia,661.58
BadgerysCreek,Williamtown,159.25
BadgerysCreek,Witchcliffe,3268.52
BadgerysCreek,Wollongong,57.97
BadgerysCreek,Woomera,1339.24
Ballarat,Bendigo,98.09
Ballarat,Brisbane,1411.31
Ballarat,Cairns,2302.93
Ballarat,Canberra,542.07
Ballarat,Cobar,695.84
Ballarat,CoffsHarbour,1174.48
Ballarat,Dartmoor,2861.46
Ballarat,Darwin,3070.34
Ballarat,GoldCoast,1393.26
Ballarat,Hobart,668.94
Ballarat,Katherine,2803.51
Ballarat,Launceston,534.83
Ballarat,Melbourne,108.83
Ballarat,MelbourneAirport,93.35
Ballarat,Mildura,395.39
Ballarat,Moree,2343.57
Ballarat,MountGambier,267.1
Ballarat,MountGinini,496.65
Ballarat,Newcastle,888.34
Ballarat,Nhil,232.78
Ballarat,NorahHead,847.67
Ballarat,NorfolkIsland,2425.73
Ballarat,Nuriootpa,548.01
Ballarat,PearceRAAF,2613.55
Ballarat,Penrith,751.65
Ballarat,Perth,2606.53
Ballarat,PerthAirport,2694.02
Ballarat,Portland,212.53
Ballarat,Richmond,1867.32
Ballarat,Sale,293.64
Ballarat,SalmonGums,2068.07
Ballarat,Sydney,782.72
Ballarat,SydneyAirport,775.04
Ballarat,Townsville,2051.33
Ballarat,Tuggeranong,528.16
Ballarat,Uluru,1936.3
Ballarat,WaggaWagga,419.93
Ballarat,Walpole,2434.45
Ballarat,Watsonia,115.72
Ballarat,Williamtown,899.03
Ballarat,Witchcliffe,2606.68
Ballarat,Wollongong,725.38
Ballarat,Woomera,953.89
Bendigo,Brisbane,1315.26
Bendigo,Cairns,2213.57
Bendigo,Canberra,465.84
Bendigo,Cobar,600.67
Bendigo,CoffsHarbour,1083.21
Bendigo,Dartmoor,2889.65
Bendigo,Darwin,3018.26
Bendigo,GoldCoast,1298.22
Bendigo,Hobart,730.0
Bendigo,Katherine,2750.04
Bendigo,Launceston,588.31
Bendigo,Melbourne,131.5
Bendigo,MelbourneAirport,112.1
Bendigo,Mildura,344.59
Bendigo,Moree,2379.18
Bendigo,MountGambier,336.21
Bendigo,MountGinini,421.23
Bendigo,Newcastle,803.16
Bendigo,Nhil,244.13
Bendigo,NorahHead,763.77
Bendigo,NorfolkIsland,2357.48
Bendigo,Nuriootpa,544.02
Bendigo,PearceRAAF,2653.47
Bendigo,Penrith,667.33
Bendigo,Perth,2647.44
Bendigo,PerthAirport,2731.0
Bendigo,Portland,299.53
Bendigo,Richmond,1784.17
Bendigo,Sale,283.95
Bendigo,SalmonGums,2106.26
Bendigo,Sydney,701.26
Bendigo,SydneyAirport,694.08
Bendigo,Townsville,1959.58
Bendigo,Tuggeranong,452.82
Bendigo,Uluru,1892.39
Bendigo,WaggaWagga,332.18
Bendigo,Walpole,2485.95
Bendigo,Watsonia,125.89
Bendigo,Williamtown,813.42
Bendigo,Witchcliffe,2656.02
Bendigo,Wollongong,646.93
Bendigo,Woomera,930.59
Brisbane,Cairns,1397.34
Brisbane,Canberra,943.68
Brisbane,Cobar,827.4
Brisbane,CoffsHarbour,314.77
Brisbane,Dartmoor,3708.53
Brisbane,Darwin,2847.82
Brisbane,GoldCoast,63.76
Brisbane,Hobart,1789.12
Brisbane,Katherine,2590.43
Brisbane,Launceston,1651.12
Brisbane,Melbourne,1373.16
Brisbane,MelbourneAirport,1367.48
Brisbane,Mildura,1285.93
Brisbane,Moree,3297.86
Brisbane,MountGambier,1622.35
Brisbane,MountGinini,981.82
Brisbane,Newcastle,616.26
Brisbane,Nhil,1453.96
Brisbane,NorahHead,660.05
Brisbane,NorfolkIsland,1468.76
Brisbane,Nuriootpa,1546.26
Brisbane,PearceRAAF,3593.2
Brisbane,Penrith,729.5
Brisbane,Perth,3596.18
Brisbane,PerthAirport,3640.56
Brisbane,Portland,1610.56
Brisbane,Richmond,1253.13
Brisbane,Sale,1305.98
Brisbane,SalmonGums,3065.75
Brisbane,Sydney,730.73
Brisbane,SydneyAirport,740.7
Brisbane,Townsville,1116.61
Brisbane,Tuggeranong,958.43
Brisbane,Uluru,2031.49
Brisbane,WaggaWagga,1004.47
Brisbane,Walpole,3530.68
Brisbane,Watsonia,1357.65
Brisbane,Williamtown,603.43
Brisbane,Witchcliffe,3675.77
Brisbane,Wollongong,796.72
Brisbane,Woomera,1624.32
Cairns,Canberra,2078.44
Cairns,Cobar,1624.62
Cairns,CoffsHarbour,1671.14
Cairns,Dartmoor,3360.62
Cairns,Darwin,1672.04
Cairns,GoldCoast,1461.02
Cairns,Hobart,2896.74
Cairns,Katherine,1467.77
Cairns,Launceston,2746.28
Cairns,Melbourne,2328.98
Cairns,MelbourneAirport,2313.67
Cairns,Mildura,1964.73
Cairns,Moree,3141.44
Cairns,MountGambier,2380.56
Cairns,MountGinini,2095.94
Cairns,Newcastle,1884.58
Cairns,Nhil,2198.57
Cairns,NorahHead,1915.61
Cairns,NorfolkIsland,2637.09
Cairns,Nuriootpa,2069.36
Cairns,PearceRAAF,3415.99
Cairns,Penrith,1936.93
Cairns,Perth,3430.53
Cairns,PerthAirport,3416.66
Cairns,Portland,2425.11
Cairns,Richmond,508.75
Cairns,Sale,2363.7
Cairns,SalmonGums,3005.71
Cairns,Sydney,1965.95
Cairns,SydneyAirport,1974.18
Cairns,Townsville,285.23
Cairns,Tuggeranong,2088.58
Cairns,Uluru,1410.58
Cairns,WaggaWagga,2040.24
Cairns,Walpole,3509.18
Cairns,Watsonia,2316.7
Cairns,Williamtown,1874.49
Cairns,Witchcliffe,3597.38
Cairns,Wollongong,2015.1
Cairns,Woomera,1827.45
Canberra,Cobar,527.91
Canberra,CoffsHarbour,665.74
Canberra,Dartmoor,3301.5
Canberra,Darwin,3140.43
Canberra,GoldCoast,912.08
Canberra,Hobart,857.99
Canberra,Katherine,2868.75
Canberra,Launceston,714.03
Canberra,Melbourne,468.55
Canberra,MelbourneAirport,469.78
Canberra,Mildura,660.18
Canberra,Moree,2807.91
Canberra,MountGambier,801.64
Canberra,MountGinini,45.54
Canberra,Newcastle,357.9
Canberra,Nhil,689.49
Canberra,NorahHead,314.14
Canberra,NorfolkIsland,1893.09
Canberra,Nuriootpa,934.88
Canberra,PearceRAAF,3088.9
Canberra,Penrith,222.98
Canberra,Perth,3084.57
Canberra,PerthAirport,3161.01
Canberra,Portland,754.45
Canberra,Richmond,1725.86
Canberra,Sale,364.44
Canberra,SalmonGums,2540.69
Canberra,Sydney,244.49
Canberra,SydneyAirport,236.0
Canberra,Townsville,1801.94
Canberra,Tuggeranong,15.21
Canberra,Uluru,2077.89
Canberra,WaggaWagga,158.89
Canberra,Walpole,2938.7
Canberra,Watsonia,453.55
Canberra,Williamtown,369.83
Canberra,Witchcliffe,3105.75
Canberra,Wollongong,183.72
Canberra,Woomera,1240.51
Cobar,CoffsHarbour,707.49
Cobar,Dartmoor,2972.44
Cobar,Darwin,2613.47
Cobar,GoldCoast,832.72
Cobar,Hobart,1275.12
Cobar,Katherine,2341.8
Cobar,Launceston,1124.82
Cobar,Melbourne,707.51
Cobar,MelbourneAirport,693.35
Cobar,Mildura,464.51
Cobar,Moree,2522.85
Cobar,MountGambier,843.14
Cobar,MountGinini,526.02
Cobar,Newcastle,583.75
Cobar,Nhil,660.72
Cobar,NorahHead,575.39
Cobar,NorfolkIsland,2137.3
Cobar,Nuriootpa,718.96
Cobar,PearceRAAF,2815.2
Cobar,Penrith,517.7
Cobar,Perth,2815.52
Cobar,PerthAirport,2872.44
Cobar,Portland,856.97
Cobar,Richmond,1225.49
Cobar,Sale,744.04
Cobar,SalmonGums,2276.01
Cobar,Sydney,568.22
Cobar,SydneyAirport,569.89
Cobar,Townsville,1363.78
Cobar,Tuggeranong,532.0
Cobar,Uluru,1569.08
Cobar,WaggaWagga,435.65
Cobar,Walpole,2724.3
Cobar,Watsonia,694.55
Cobar,Williamtown,584.8
Cobar,Witchcliffe,2876.34
Cobar,Wollongong,572.08
Cobar,Woomera,857.74
CoffsHarbour,Dartmoor,3673.79
CoffsHarbour,Darwin,3029.99
CoffsHarbour,GoldCoast,265.43
CoffsHarbour,Hobart,1490.21
CoffsHarbour,Katherine,2765.49
CoffsHarbour,Launceston,1356.58
CoffsHarbour,Melbourne,1120.8
CoffsHarbour,MelbourneAirport,1118.12
CoffsHarbour,Mildura,1124.45
CoffsHarbour,Moree,3230.17
CoffsHarbour,MountGambier,1408.76
CoffsHarbour,MountGinini,707.85
CoffsHarbour,Newcastle,315.75
CoffsHarbour,Nhil,1255.98
CoffsHarbour,NorahHead,361.03
CoffsHarbour,NorfolkIsland,1437.92
CoffsHarbour,Nuriootpa,1403.29
CoffsHarbour,PearceRAAF,3522.68
CoffsHarbour,Penrith,443.37
CoffsHarbour,Perth,3523.01
CoffsHarbour,PerthAirport,3579.39
CoffsHarbour,Portland,1382.74
CoffsHarbour,Richmond,1460.45
CoffsHarbour,Sale,1029.76
CoffsHarbour,SalmonGums,2983.2
CoffsHarbour,Sydney,433.94
CoffsHarbour,SydneyAirport,443.83
CoffsHarbour,Townsville,1386.45
CoffsHarbour,Tuggeranong,680.93
CoffsHarbour,Uluru,2124.16
CoffsHarbour,WaggaWagga,755.32
CoffsHarbour,Walpole,3427.1
CoffsHarbour,Watsonia,1105.29
CoffsHarbour,Williamtown,302.9
CoffsHarbour,Witchcliffe,3581.45
CoffsHarbour,Wollongong,501.26
CoffsHarbour,Woomera,1560.62
Dartmoor,Darwin,2375.72
Dartmoor,GoldCoast,3737.85
Dartmoor,Hobart,3319.6
Dartmoor,Katherine,2313.96
Dartmoor,Launceston,3262.62
Dartmoor,Melbourne,2969.96
Dartmoor,MelbourneAirport,2954.72
Dartmoor,Mildura,2643.01
Dartmoor,Moree,552.77
Dartmoor,MountGambier,2615.44
Dartmoor,MountGinini,3265.28
Dartmoor,Newcastle,3532.33
Dartmoor,Nhil,2645.54
Dartmoor,NorahHead,3511.27
Dartmoor,NorfolkIsland,5109.46
Dartmoor,Nuriootpa,2367.33
Dartmoor,PearceRAAF,417.59
Dartmoor,Penrith,3428.31
Dartmoor,Perth,445.37
Dartmoor,PerthAirport,304.52
Dartmoor,Portland,2704.65
Dartmoor,Richmond,2934.49
Dartmoor,Sale,3155.09
Dartmoor,SalmonGums,830.0
Dartmoor,Sydney,3477.25
Dartmoor,SydneyAirport,3474.48
Dartmoor,Townsville,3347.25
Dartmoor,Tuggeranong,3293.18
Dartmoor,Uluru,1950.44
Dartmoor,WaggaWagga,3142.63
Dartmoor,Walpole,791.45
Dartmoor,Watsonia,2977.07
Dartmoor,Williamtown,3536.61
Dartmoor,Witchcliffe,672.87
Dartmoor,Wollongong,3448.87
Dartmoor,Woomera,2114.75
Darwin,GoldCoast,2907.22
Darwin,Hobart,3738.74
Darwin,Katherine,271.68
Darwin,Launceston,3604.02
Darwin,Melbourne,3149.39
Darwin,MelbourneAirport,3129.68
Darwin,Mildura,2676.45
Darwin,Moree,2447.44
Darwin,MountGambier,2991.1
Darwin,MountGinini,3134.39
Darwin,Newcastle,3116.32
Darwin,Nhil,2865.73
Darwin,NorahHead,3128.39
Darwin,NorfolkIsland,4247.35
Darwin,Nuriootpa,2584.83
Darwin,PearceRAAF,2625.52
Darwin,Penrith,3102.34
Darwin,Perth,2650.67
Darwin,PerthAirport,2569.46
Darwin,Portland,3076.0
Darwin,Richmond,1597.78
Darwin,Sale,3273.17
Darwin,SalmonGums,2471.8
Darwin,Sydney,3147.98
Darwin,SydneyAirport,3152.56
Darwin,Townsville,1858.4
Darwin,Tuggeranong,3143.53
Darwin,Uluru,1152.33
Darwin,WaggaWagga,3027.94
Darwin,Walpole,2884.89
Darwin,Watsonia,3144.07
Darwin,Williamtown,3111.12
Darwin,Witchcliffe,2884.94
Darwin,Wollongong,3169.42
Darwin,Woomera,2169.37
GoldCoast,Hobart,1750.68
GoldCoast,Katherine,2649.05
GoldCoast,Launceston,1614.58
GoldCoast,Melbourne,1350.66
GoldCoast,MelbourneAirport,1345.83
GoldCoast,Mildura,1285.76
GoldCoast,Moree,3320.79
GoldCoast,MountGambier,1610.92
GoldCoast,MountGinini,951.63
GoldCoast,Newcastle,575.28
GoldCoast,Nhil,1445.96
GoldCoast,NorahHead,619.88
GoldCoast,NorfolkIsland,1422.67
GoldCoast,Nuriootpa,1551.13
GoldCoast,PearceRAAF,3615.79
GoldCoast,Penrith,694.24
GoldCoast,Perth,3618.26
GoldCoast,PerthAirport,3664.96
GoldCoast,Portland,1595.4
GoldCoast,Richmond,1313.76
GoldCoast,Sale,1275.93
GoldCoast,SalmonGums,3085.61
GoldCoast,Sydney,691.73
GoldCoast,SydneyAirport,701.71
GoldCoast,Townsville,1180.36
GoldCoast,Tuggeranong,927.03
GoldCoast,Uluru,2079.69
GoldCoast,WaggaWagga,981.6
GoldCoast,Walpole,3546.67
GoldCoast,Watsonia,1335.11
GoldCoast,Williamtown,562.38
GoldCoast,Witchcliffe,3693.73
GoldCoast,Wollongong,758.48
GoldCoast,Woomera,1645.55
Hobart,Katherine,3472.26
Hobart,Launceston,150.46
Hobart,Melbourne,599.33
Hobart,MelbourneAirport,618.19
Hobart,Mildura,1064.15
Hobart,Moree,2775.07
Hobart,MountGambier,789.19
Hobart,MountGinini,827.81
Hobart,Newcastle,1175.62
Hobart,Nhil,878.23
Hobart,NorahHead,1130.84
Hobart,NorfolkIsland,2399.44
Hobart,Nuriootpa,1181.47
Hobart,PearceRAAF,3015.37
Hobart,Penrith,1060.51
Hobart,Perth,3002.89
Hobart,PerthAirport,3110.22
Hobart,Portland,693.91
Hobart,Richmond,2494.85
Hobart,Sale,533.11
Hobart,SalmonGums,2493.96
Hobart,Sydney,1059.01
Hobart,SydneyAirport,1049.03
Hobart,Townsville,2629.33
Hobart,Tuggeranong,844.55
Hobart,Uluru,2601.01
Hobart,WaggaWagga,859.77
Hobart,Walpole,2770.91
Hobart,Watsonia,607.59
Hobart,Williamtown,1188.53
Hobart,Witchcliffe,2952.33
Hobart,Wollongong,992.55
Hobart,Woomera,1601.83
Katherine,Launceston,3336.55
Katherine,Melbourne,2881.31
Katherine,MelbourneAirport,2861.64
Katherine,Mildura,2409.05
Katherine,Moree,2324.8
Katherine,MountGambier,2730.06
Katherine,MountGinini,2862.74
Katherine,Newcastle,2846.68
Katherine,Nhil,2601.24
Katherine,NorahHead,2858.28
Katherine,NorfolkIsland,4003.7
Katherine,Nuriootpa,2324.44
Katherine,PearceRAAF,2526.13
Katherine,Penrith,2831.43
Katherine,Perth,2549.66
Katherine,PerthAirport,2480.73
Katherine,Portland,2813.74
Katherine,Richmond,1346.08
Katherine,Sale,3003.32
Katherine,SalmonGums,2320.93
Katherine,Sydney,2877.23
Katherine,SydneyAirport,2881.75
Katherine,Townsville,1631.46
Katherine,Tuggeranong,2871.85
Katherine,Uluru,899.0
Katherine,WaggaWagga,2756.48
Katherine,Walpole,2758.94
Katherine,Watsonia,2875.77
Katherine,Williamtown,2841.62
Katherine,Witchcliffe,2775.32
Katherine,Wollongong,2898.25
Katherine,Woomera,1912.02
Launceston,Melbourne,456.86
Launceston,MelbourneAirport,476.22
Launceston,Mildura,927.57
Launceston,Moree,2723.33
Launceston,MountGambier,686.44
Launceston,MountGinini,682.08
Launceston,Newcastle,1040.98
Launceston,Nhil,754.06
Launceston,NorahHead,995.84
Launceston,NorfolkIsland,2329.48
Launceston,Nuriootpa,1064.16
Launceston,PearceRAAF,2972.19
Launceston,Penrith,921.62
Launceston,Perth,2961.06
Launceston,PerthAirport,3063.68
Launceston,Portland,590.16
Launceston,Richmond,2345.37
Launceston,Sale,382.7
Launceston,SalmonGums,2442.38
Launceston,Sydney,923.31
Launceston,SydneyAirport,913.35
Launceston,Townsville,2479.04
Launceston,Tuggeranong,700.21
Launceston,Uluru,2471.08
Launceston,WaggaWagga,709.92
Launceston,Walpole,2742.96
Launceston,Watsonia,463.92
Launceston,Williamtown,1053.87
Launceston,Witchcliffe,2922.95
Launceston,Wollongong,856.27
Launceston,Woomera,1480.98
Melbourne,MelbourneAirport,19.87
Melbourne,Mildura,474.25
Melbourne,Moree,2451.13
Melbourne,MountGambier,367.73
Melbourne,MountGinini,423.22
Melbourne,Newcastle,823.55
Melbourne,Nhil,338.52
Melbourne,NorahHead,781.01
Melbourne,NorfolkIsland,2335.85
Melbourne,Nuriootpa,652.01
Melbourne,PearceRAAF,2720.16
Melbourne,Penrith,686.69
Melbourne,Perth,2712.89
Melbourne,PerthAirport,2801.26
Melbourne,Portland,298.91
Melbourne,Richmond,1907.19
Melbourne,Sale,185.24
Melbourne,SalmonGums,2175.18
Melbourne,Sydney,712.81
Melbourne,SydneyAirport,704.46
Melbourne,Townsville,2071.01
Melbourne,Tuggeranong,453.84
Melbourne,Uluru,2021.86
Melbourne,WaggaWagga,369.06
Melbourne,Walpole,2537.29
Melbourne,Watsonia,15.56
Melbourne,Williamtown,834.92
Melbourne,Witchcliffe,2710.34
Melbourne,Wollongong,651.81
Melbourne,Woomera,1051.32
MelbourneAirport,Mildura,454.41
MelbourneAirport,Moree,2436.88
MelbourneAirport,MountGambier,356.51
MelbourneAirport,MountGinini,424.3
MelbourneAirport,Newcastle,823.13
MelbourneAirport,Nhil,320.49
MelbourneAirport,NorahHead,781.0
MelbourneAirport,NorfolkIsland,2342.56
MelbourneAirport,Nuriootpa,633.35
MelbourneAirport,PearceRAAF,2706.59
MelbourneAirport,Penrith,686.16
MelbourneAirport,Perth,2699.48
MelbourneAirport,PerthAirport,2787.26
MelbourneAirport,Portland,291.39
MelbourneAirport,Richmond,1890.29
MelbourneAirport,Sale,200.48
MelbourneAirport,SalmonGums,2161.27
MelbourneAirport,Sydney,713.52
MelbourneAirport,SydneyAirport,705.33
MelbourneAirport,Townsville,2056.45
MelbourneAirport,Tuggeranong,455.24
MelbourneAirport,Uluru,2001.99
MelbourneAirport,WaggaWagga,364.49
MelbourneAirport,Walpole,2525.7
MelbourneAirport,Watsonia,22.37
MelbourneAirport,Williamtown,834.36
MelbourneAirport,Witchcliffe,2698.38
MelbourneAirport,Wollongong,653.39
MelbourneAirport,Woomera,1031.77
Mildura,Moree,2157.2
Mildura,MountGambier,416.83
Mildura,MountGinini,626.41
Mildura,Newcastle,911.19
Mildura,Nhil,233.97
Mildura,NorahHead,883.37
Mildura,NorfolkIsland,2507.5
Mildura,Nuriootpa,285.24
Mildura,PearceRAAF,2442.32
Mildura,Penrith,794.06
Mildura,Perth,2439.49
Mildura,PerthAirport,2510.26
Mildura,Portland,462.96
Mildura,Richmond,1505.48
Mildura,Sale,618.78
Mildura,SalmonGums,1895.18
Mildura,Sydney,840.84
Mildura,SydneyAirport,837.07
Mildura,Townsville,1729.47
Mildura,Tuggeranong,652.81
Mildura,Uluru,1547.85
Mildura,WaggaWagga,501.54
Mildura,Walpole,2315.68
Mildura,Watsonia,470.15
Mildura,Williamtown,917.76
Mildura,Witchcliffe,2476.28
Mildura,Wollongong,807.46
Mildura,Woomera,601.12
Moree,MountGambier,2090.34
Moree,MountGinini,2769.48
Moree,Newcastle,3062.13
Moree,Nhil,2135.72
Moree,NorahHead,3037.47
Moree,NorfolkIsland,4654.02
Moree,Nuriootpa,1874.85
Moree,PearceRAAF,295.78
Moree,Penrith,2950.37
Moree,Perth,301.56
Moree,PerthAirport,353.17
Moree,Portland,2176.7
Moree,Richmond,2674.13
Moree,Sale,2636.25
Moree,SalmonGums,281.15
Moree,Sydney,2997.77
Moree,SydneyAirport,2994.16
Moree,Townsville,3082.66
Moree,Tuggeranong,2798.54
Moree,Uluru,1756.43
Moree,WaggaWagga,2649.88
Moree,Walpole,437.66
Moree,Watsonia,2459.24
Moree,Williamtown,3067.51
Moree,Witchcliffe,464.31
Moree,Wollongong,2964.14
Moree,Woomera,1675.79
MountGambier,MountGinini,756.75
MountGambier,Newcastle,1137.32
MountGambier,Nhil,186.04
MountGambier,NorahHead,1098.75
MountGambier,NorfolkIsland,2690.95
MountGambier,Nuriootpa,406.56
MountGambier,PearceRAAF,2356.05
MountGambier,Penrith,1002.26
MountGambier,Perth,2348.22
MountGambier,PerthAirport,2439.03
MountGambier,Portland,96.29
MountGambier,Richmond,1915.44
MountGambier,Sale,550.05
MountGambier,SalmonGums,1812.81
MountGambier,Sydney,1037.18
MountGambier,SydneyAirport,1030.1
MountGambier,Townsville,2146.26
MountGambier,Tuggeranong,788.38
MountGambier,Uluru,1841.61
MountGambier,WaggaWagga,666.41
MountGambier,Walpole,2169.57
MountGambier,Watsonia,378.23
MountGambier,Williamtown,1147.26
MountGambier,Witchcliffe,2342.76
MountGambier,Wollongong,983.13
MountGambier,Woomera,826.94
MountGinini,Newcastle,402.08
MountGinini,Nhil,647.16
MountGinini,NorahHead,358.68
MountGinini,NorfolkIsland,1936.89
MountGinini,Nuriootpa,898.03
MountGinini,PearceRAAF,3049.68
MountGinini,Penrith,266.3
MountGinini,Perth,3045.13
MountGinini,PerthAirport,3122.51
MountGinini,Portland,708.99
MountGinini,Richmond,1734.93
MountGinini,Sale,324.35
MountGinini,SalmonGums,2501.46
MountGinini,Sydney,289.63
MountGinini,SydneyAirport,281.25
MountGinini,Townsville,1821.03
MountGinini,Tuggeranong,31.63
MountGinini,Uluru,2064.04
MountGinini,WaggaWagga,126.17
MountGinini,Walpole,2897.02
MountGinini,Watsonia,408.18
MountGinini,Williamtown,413.86
MountGinini,Witchcliffe,3064.55
MountGinini,Wollongong,229.25
MountGinini,Woomera,1212.2
Newcastle,Nhil,1001.79
Newcastle,NorahHead,45.35
Newcastle,NorfolkIsland,1596.33
Newcastle,Nuriootpa,1196.43
Newcastle,PearceRAAF,3349.88
Newcastle,Penrith,137.0
Newcastle,Perth,3347.85
Newcastle,PerthAirport,3414.55
Newcastle,Portland,1100.22
Newcastle,Richmond,1603.03
Newcastle,Sale,718.58
Newcastle,SalmonGums,2803.98
Newcastle,Sydney,118.38
Newcastle,SydneyAirport,128.21
Newcastle,Townsville,1600.32
Newcastle,Tuggeranong,373.06
Newcastle,Uluru,2128.39
Newcastle,WaggaWagga,471.12
Newcastle,Walpole,3226.11
Newcastle,Watsonia,808.27
Newcastle,Williamtown,12.92
Newcastle,Witchcliffe,3387.43
Newcastle,Wollongong,185.7
Newcastle,Woomera,1425.53
Nhil,NorahHead,966.47
Nhil,NorfolkIsland,2580.72
Nhil,Nuriootpa,315.52
Nhil,PearceRAAF,2411.13
Nhil,Penrith,870.87
Nhil,Perth,2405.47
Nhil,PerthAirport,2487.8
Nhil,Portland,230.62
Nhil,Richmond,1738.53
Nhil,Sale,518.05
Nhil,SalmonGums,1863.55
Nhil,Sydney,910.7
Nhil,SydneyAirport,904.69
Nhil,Townsville,1961.88
Nhil,Tuggeranong,678.0
Nhil,Uluru,1723.61
Nhil,WaggaWagga,539.62
Nhil,Walpole,2250.17
Nhil,Watsonia,341.93
Nhil,Williamtown,1010.68
Nhil,Witchcliffe,2418.5
Nhil,Wollongong,863.16
Nhil,Woomera,727.06
NorahHead,NorfolkIsland,1624.9
NorahHead,Nuriootpa,1168.48
NorahHead,PearceRAAF,3324.35
NorahHead,Penrith,96.49
NorahHead,Perth,3321.98
NorahHead,PerthAirport,3390.14
NorahHead,Portland,1059.85
NorahHead,Richmond,1625.15
NorahHead,Sale,673.74
NorahHead,SalmonGums,2777.86
NorahHead,Sydney,73.04
NorahHead,SydneyAirport,82.86
NorahHead,Townsville,1631.85
NorahHead,Tuggeranong,329.25
NorahHead,Uluru,2130.03
NorahHead,WaggaWagga,432.37
NorahHead,Walpole,3196.53
NorahHead,Watsonia,765.8
NorahHead,Williamtown,58.15
NorahHead,Witchcliffe,3358.79
NorahHead,Wollongong,140.35
NorahHead,Woomera,1408.28
NorfolkIsland,Nuriootpa,2792.74
NorfolkIsland,PearceRAAF,4943.61
NorfolkIsland,Penrith,1716.88
NorfolkIsland,Perth,4942.24
NorfolkIsland,PerthAirport,5005.46
NorfolkIsland,Portland,2633.95
NorfolkIsland,Richmond,2659.96
NorfolkIsland,Sale,2174.95
NorfolkIsland,SalmonGums,4398.96
NorfolkIsland,Sydney,1673.24
NorfolkIsland,SydneyAirport,1678.45
NorfolkIsland,Townsville,2403.02
NorfolkIsland,Tuggeranong,1905.47
NorfolkIsland,Uluru,3499.98
NorfolkIsland,WaggaWagga,2041.28
NorfolkIsland,Walpole,4821.34
NorfolkIsland,Watsonia,2322.71
NorfolkIsland,Williamtown,1589.97
NorfolkIsland,Witchcliffe,4983.59
NorfolkIsland,Wollongong,1717.69
NorfolkIsland,Woomera,2994.77
Nuriootpa,PearceRAAF,2158.62
Nuriootpa,Penrith,1078.66
Nuriootpa,Perth,2155.43
Nuriootpa,PerthAirport,2228.01
Nuriootpa,Portland,494.61
Nuriootpa,Richmond,1581.75
Nuriootpa,Sale,826.6
Nuriootpa,SalmonGums,1611.06
Nuriootpa,Sydney,1124.94
Nuriootpa,SydneyAirport,1120.91
Nuriootpa,Townsville,1858.7
Nuriootpa,Tuggeranong,926.19
Nuriootpa,Uluru,1435.05
Nuriootpa,WaggaWagga,776.23
Nuriootpa,Walpole,2030.9
Nuriootpa,Watsonia,654.09
Nuriootpa,Williamtown,1202.96
Nuriootpa,Witchcliffe,2191.08
Nuriootpa,Wollongong,1089.48
Nuriootpa,Woomera,421.84
PearceRAAF,Penrith,3236.26
PearceRAAF,Perth,29.25
PearceRAAF,PerthAirport,115.6
PearceRAAF,Portland,2439.7
PearceRAAF,Richmond,2955.84
PearceRAAF,Sale,2904.75
PearceRAAF,SalmonGums,548.22
PearceRAAF,Sydney,3283.16
PearceRAAF,SydneyAirport,3279.3
PearceRAAF,Townsville,3365.98
PearceRAAF,Tuggeranong,3079.13
PearceRAAF,Uluru,2019.18
PearceRAAF,WaggaWagga,2931.5
PearceRAAF,Walpole,373.89
PearceRAAF,Watsonia,2728.9
PearceRAAF,Williamtown,3355.52
PearceRAAF,Witchcliffe,276.1
PearceRAAF,Wollongong,3247.97
PearceRAAF,Woomera,1970.46
Penrith,Perth,3233.53
Penrith,PerthAirport,3303.27
Penrith,Portland,963.7
Penrith,Richmond,1623.98
Penrith,Sale,586.42
Penrith,SalmonGums,2689.24
Penrith,Sydney,51.14
Penrith,SydneyAirport,52.21
Penrith,Townsville,1655.13
Penrith,Tuggeranong,238.19
Penrith,Uluru,2083.99
Penrith,WaggaWagga,335.88
Penrith,Walpole,3104.54
Penrith,Watsonia,671.39
Penrith,Williamtown,148.24
Penrith,Witchcliffe,3267.62
Penrith,Wollongong,78.23
Penrith,Woomera,1331.63
Perth,PerthAirport,141.88
Perth,Portland,2431.29
Perth,Richmond,2968.56
Perth,Sale,2897.31
Perth,SalmonGums,544.38
Perth,Sydney,3280.23
Perth,SydneyAirport,3276.29
Perth,Townsville,3378.28
Perth,Tuggeranong,3074.69
Perth,Uluru,2035.69
Perth,WaggaWagga,2927.39
Perth,Walpole,346.17
Perth,Watsonia,2721.77
Perth,Williamtown,3353.6
Perth,Witchcliffe,247.34
Perth,Wollongong,3244.52
Perth,Woomera,1972.74
PerthAirport,Portland,2524.23
PerthAirport,Richmond,2965.06
PerthAirport,Sale,2986.24
PerthAirport,SalmonGums,626.23
PerthAirport,Sydney,3350.75
PerthAirport,SydneyAirport,3347.17
PerthAirport,Townsville,3376.71
PerthAirport,Tuggeranong,3151.61
PerthAirport,Uluru,2012.38
PerthAirport,WaggaWagga,3003.02
PerthAirport,Walpole,487.82
PerthAirport,Watsonia,2809.6
PerthAirport,Williamtown,3419.84
PerthAirport,Witchcliffe,373.12
PerthAirport,Wollongong,3317.28
PerthAirport,Woomera,2021.99
Portland,Richmond,1968.42
Portland,Sale,474.04
Portland,SalmonGums,1898.23
Portland,Sydney,995.2
Portland,SydneyAirport,987.55
Portland,Townsville,2184.66
Portland,Tuggeranong,740.45
Portland,Uluru,1928.23
Portland,WaggaWagga,630.43
Portland,Walpole,2245.56
Portland,Watsonia,311.51
Portland,Williamtown,1110.78
Portland,Witchcliffe,2420.21
Portland,Wollongong,937.86
Portland,Woomera,916.34
Richmond,Sale,1967.76
Richmond,SalmonGums,2522.46
Richmond,Sydney,1661.82
Richmond,SydneyAirport,1668.55
Richmond,Townsville,412.88
Richmond,Tuggeranong,1733.6
Richmond,Uluru,1001.03
Richmond,WaggaWagga,1658.98
Richmond,Walpole,3026.62
Richmond,Watsonia,1896.34
Richmond,Williamtown,1595.24
Richmond,Witchcliffe,3123.46
Richmond,Wollongong,1699.5
Richmond,Woomera,1320.52
Sale,SalmonGums,2360.1
Sale,Sydney,601.5
Sale,SydneyAirport,592.13
Sale,Townsville,2096.39
Sale,Tuggeranong,349.34
Sale,Uluru,2159.53
Sale,WaggaWagga,329.12
Sale,Walpole,2718.56
Sale,Watsonia,178.2
Sale,Williamtown,730.94
Sale,Witchcliffe,2892.41
Sale,Wollongong,535.53
Sale,Woomera,1213.05
SalmonGums,Sydney,2735.88
SalmonGums,SydneyAirport,2731.93
SalmonGums,Townsville,2924.28
SalmonGums,Tuggeranong,2530.92
SalmonGums,Uluru,1660.21
SalmonGums,WaggaWagga,2383.33
SalmonGums,Walpole,504.16
SalmonGums,Watsonia,2183.61
SalmonGums,Williamtown,2809.83
SalmonGums,Witchcliffe,617.28
SalmonGums,Wollongong,2700.17
SalmonGums,Woomera,1441.74
Sydney,SydneyAirport,9.98
Sydney,Townsville,1683.19
Sydney,Tuggeranong,259.43
Sydney,Uluru,2133.54
Sydney,WaggaWagga,372.43
Sydney,Walpole,3148.8
Sydney,Watsonia,697.72
Sydney,Williamtown,131.15
Sydney,Witchcliffe,3312.54
Sydney,Wollongong,67.33
Sydney,Woomera,1382.1
SydneyAirport,Townsville,1691.53
SydneyAirport,Tuggeranong,250.86
SydneyAirport,Uluru,2136.11
SydneyAirport,WaggaWagga,365.95
SydneyAirport,Walpole,3143.93
SydneyAirport,Watsonia,689.41
SydneyAirport,Williamtown,141.0
SydneyAirport,Witchcliffe,3307.9
SydneyAirport,Wollongong,57.5
SydneyAirport,Woomera,1380.65
Townsville,Tuggeranong,1812.5
Townsville,Uluru,1409.34
Townsville,WaggaWagga,1770.42
Townsville,Walpole,3428.1
Townsville,Watsonia,2058.21
Townsville,Williamtown,1590.13
Townsville,Witchcliffe,3529.18
Townsville,Wollongong,1733.35
Townsville,Woomera,1658.59
Tuggeranong,Uluru,2078.3
Tuggeranong,WaggaWagga,151.3
Tuggeranong,Walpole,2927.63
Tuggeranong,Watsonia,438.87
Tuggeranong,Williamtown,385.0
Tuggeranong,Witchcliffe,3094.95
Tuggeranong,Wollongong,198.15
Tuggeranong,Woomera,1235.48
Uluru,WaggaWagga,1947.61
Uluru,Walpole,2152.22
Uluru,Watsonia,2018.0
Uluru,Williamtown,2126.13
Uluru,Witchcliffe,2219.38
Uluru,Wollongong,2141.11
Uluru,Woomera,1017.45
WaggaWagga,Walpole,2785.08
WaggaWagga,Watsonia,353.52
WaggaWagga,Williamtown,481.29
WaggaWagga,Witchcliffe,2951.11
WaggaWagga,Wollongong,323.6
WaggaWagga,Woomera,1086.09
Walpole,Watsonia,2547.6
Walpole,Williamtown,3233.01
Walpole,Witchcliffe,182.71
Walpole,Wollongong,3107.34
Walpole,Woomera,1914.55
Watsonia,Williamtown,819.63
Watsonia,Witchcliffe,2720.38
Watsonia,Wollongong,636.91
Watsonia,Woomera,1050.77
Williamtown,Witchcliffe,3394.04
Williamtown,Wollongong,198.48
Williamtown,Woomera,1428.81
Witchcliffe,Wollongong,3272.47
Witchcliffe,Woomera,2054.02
Wollongong,Woomera,1363.09
